CustomerId,Surname,CreditScore,Geography,Gender,Age,Tenure,Balance,NumOfProducts,HasCrCard,IsActiveMember,EstimatedSalary,Exited
15565701,Ferri,698,Spain,Female,39,9,161993.89,1,0,0,90212.38,0
15565706,Akobundu,612,Spain,Male,35,1,0.00,1,1,1,83256.26,1
15565714,Cattaneo,601,France,Male,47,1,64430.06,2,0,1,96517.97,0
15565779,Kent,627,Germany,Female,30,6,57809.32,1,1,0,188258.49,0
15565796,Docherty,745,Germany,Male,48,10,96048.55,1,1,0,74510.65,0
15565806,Toosey,532,France,Male,38,9,0.00,2,0,0,30583.95,0
15565878,Bates,631,Spain,Male,29,3,0.00,2,1,1,197963.46,0
15565879,Riley,845,France,Female,28,9,0.00,2,1,1,56185.98,0
15565891,Dipietro,709,France,Male,39,8,0.00,2,1,0,56214.09,0
15565996,Arnold,653,France,Male,44,8,0.00,2,1,1,154639.72,0
15566030,Tu,497,Germany,Male,41,5,80542.81,1,0,0,88729.22,1
15566091,Thomsen,545,Spain,Female,32,4,0.00,1,1,0,94739.20,0
15566111,Estes,596,France,Male,39,9,0.00,1,1,0,48963.59,0
15566139,Ts'ui,526,France,Female,37,5,53573.18,1,1,0,62830.97,0
15566156,Franklin,749,Germany,Female,44,0,71497.79,2,0,0,151083.80,0
15566211,Hsu,616,Germany,Female,41,1,103560.57,1,1,0,236.45,1
15566251,Ferrari,618,France,Female,37,5,96652.86,1,1,0,98686.40,1
15566253,Manning,580,Germany,Male,44,9,143391.07,1,0,0,146891.07,1
15566269,Chialuka,787,France,Male,25,5,0.00,2,1,0,47307.90,0
15566292,Okwuadigbo,574,Spain,Male,36,1,0.00,2,0,1,71709.12,0
15566295,Sanders,761,France,Female,33,6,138053.79,2,1,0,148779.41,0
15566312,Jolly,660,Spain,Female,42,5,0.00,3,1,1,189016.24,1
15566378,Tillman,515,France,Male,48,5,129387.94,1,0,1,147955.91,1
15566380,Drury,586,Spain,Female,33,10,66948.67,2,1,1,140759.03,0
15566467,Hannah,683,Germany,Female,32,0,138171.10,2,1,1,188203.58,0
15566494,Fang,487,France,Male,45,2,0.00,2,1,0,77475.73,0
15566495,Hanson,704,Spain,Female,24,2,0.00,1,1,0,35600.25,1
15566531,Iloerika,724,Germany,Male,33,4,88046.88,1,0,1,186942.49,1
15566543,Aldridge,573,Spain,Male,44,9,0.00,2,1,0,107124.17,0
15566563,Duigan,777,France,Female,30,4,137851.31,1,1,0,5008.23,1
15566594,McKenzie,709,Spain,Male,23,10,0.00,2,0,0,129590.18,0
15566633,Freeman,698,Germany,Male,55,8,155059.10,2,1,1,144584.29,0
15566660,Cole,670,France,Female,41,10,0.00,3,1,0,81602.02,0
15566689,Chimaoke,554,Spain,Male,66,8,0.00,2,1,1,116747.62,0
15566708,Chidalu,444,France,Female,45,4,0.00,2,1,0,161653.50,1
15566735,Obialo,548,Germany,Female,36,2,108913.84,2,1,1,140460.01,0
15566740,Nazarova,587,Spain,Male,51,3,83739.32,1,0,1,148798.45,0
15566790,McIntyre,598,France,Male,28,8,129991.76,2,0,1,46041.08,0
15566843,Gotch,535,Germany,Male,20,9,134874.40,1,1,1,118825.56,0
15566891,Kinder,584,Germany,Female,41,3,88594.93,1,1,0,178997.89,0
15566894,Gray,793,France,Male,39,3,137817.52,1,0,0,83997.79,0
15566958,"Li Fonti",667,Spain,Male,39,7,167557.12,1,1,1,41183.02,0
15566988,Iqbal,656,Germany,Female,46,7,141535.52,1,1,0,50595.15,1
15567013,"De Luca",779,Spain,Male,33,3,0.00,2,1,0,30804.68,0
15567063,Manna,766,Germany,Female,34,6,106434.94,1,0,1,137995.66,1
15567078,Kovaleva,789,France,Female,27,8,66201.96,1,1,1,79458.12,0
15567114,McGarry,430,France,Male,35,1,118894.22,1,0,0,2923.61,0
15567147,Ratten,802,Spain,Male,40,4,0.00,2,1,1,81908.09,0
15567246,Selwyn,684,Germany,Male,32,3,102630.13,2,1,1,127433.47,0
15567328,Ch'en,738,Spain,Male,38,5,177997.07,1,0,1,19233.41,0
15567333,Archambault,712,France,Female,31,7,0.00,2,1,0,170333.38,0
15567335,Allsop,559,France,Female,42,7,0.00,2,1,1,190040.29,0
15567339,Shaw,735,France,Male,73,9,0.00,1,1,1,114283.33,0
15567367,Tao,601,Germany,Female,42,9,133636.16,1,0,1,103315.74,0
15567383,Slone,678,Germany,Female,44,2,98009.13,2,0,1,31384.86,0
15567399,Enderby,633,Germany,Male,43,3,144164.29,1,1,1,158646.46,0
15567422,Chiazagomekpele,630,France,Male,42,6,0.00,2,1,0,162697.93,0
15567431,Kodilinyechukwu,773,France,Male,64,2,145578.28,1,0,1,186172.85,0
15567437,Emenike,734,Germany,Female,30,7,123040.38,1,1,1,76503.06,0
15567442,Ibezimako,656,France,Female,75,3,0.00,2,1,1,1276.87,0
15567446,Coffman,646,Germany,Male,39,9,111574.41,1,1,1,30838.51,0
15567486,Li,634,Spain,Female,41,4,0.00,2,1,1,164549.74,0
15567506,Cheatham,738,Germany,Female,40,6,114940.67,2,1,1,194895.57,1
15567557,Chien,573,France,Male,27,2,128243.03,1,1,1,11631.34,0
15567630,Bruce,721,Germany,Male,40,6,100275.88,1,1,0,138564.48,1
15567725,Kodilinyechukwu,689,France,Female,46,7,52016.08,2,1,1,72993.65,0
15567778,Genovese,690,Germany,Female,54,1,144027.80,1,1,1,108731.02,1
15567802,Childs,450,Spain,Female,34,2,0.00,2,1,0,175480.93,0
15567832,Shih,550,France,Female,40,7,114354.95,1,1,0,54018.93,0
15567834,Nieves,719,France,Male,49,5,105918.10,1,1,1,16246.59,0
15567839,Gordon,501,France,Male,42,9,114631.23,1,0,1,91429.74,0
15567855,Chukwufumnanya,623,France,Female,29,1,0.00,2,0,0,39382.06,0
15567860,Burrows,581,Spain,Female,44,7,189318.16,2,1,0,45026.23,1
15567893,Lei,556,Germany,Male,33,3,124213.36,2,1,0,62627.55,0
15567897,Chiazagomekpere,619,Germany,Male,23,5,132725.10,1,1,1,143913.33,0
15567919,Lazarev,586,Germany,Male,37,8,167735.69,2,0,1,104665.79,0
15567923,Barese,739,France,Female,30,6,0.00,1,0,0,122604.44,0
15567980,Frater,537,Germany,Female,46,5,100727.50,1,0,1,140857.76,1
15567991,Obiuto,794,Spain,Male,31,0,144880.34,2,0,1,175643.44,0
15567993,Palmer,828,Spain,Male,28,8,134766.85,1,1,0,79355.87,0
15568006,Ukaegbunam,634,France,Female,45,2,0.00,4,1,0,101039.53,1
15568025,Hsueh,758,France,Male,51,8,81710.46,1,1,1,116520.07,0
15568032,Moore,757,Germany,Male,31,1,127320.36,3,1,0,163170.32,0
15568044,Butusov,508,France,Female,31,7,0.00,2,1,1,6123.15,0
15568046,Izuchukwu,809,France,Male,24,7,109558.36,1,1,0,183515.13,0
15568088,Jamieson,481,Germany,Male,44,3,163714.52,1,1,0,96123.72,0
15568104,Zubarev,749,France,Female,26,6,0.00,2,0,1,34948.77,0
15568106,L?,592,France,Female,38,8,119278.01,2,0,1,19370.73,0
15568120,Lacross,681,France,Female,37,7,69609.85,1,1,1,72127.83,0
15568162,Sung,527,Spain,Male,53,8,0.00,1,1,1,51711.57,0
15568164,Istomin,850,France,Female,34,4,71379.53,2,1,1,154000.99,0
15568238,Diaz,650,Spain,Male,20,8,0.00,2,1,1,113469.65,0
15568240,Ting,492,Germany,Female,30,10,77168.87,2,0,1,146700.22,0
15568326,Kenenna,637,France,Female,44,2,0.00,2,1,0,149665.65,0
15568328,Black,488,France,Female,22,6,0.00,2,1,1,66393.89,0
15568360,Rolon,569,Spain,Female,41,4,139840.36,1,1,1,163524.70,0
15568429,Mitchell,633,Spain,Female,46,3,0.00,2,1,0,120250.58,0
15568449,Fu,661,Spain,Male,38,7,143006.70,1,1,1,15650.89,0
15568469,Buckley,653,France,Male,43,0,0.00,2,1,0,27862.58,0
15568487,Gorshkov,712,France,Male,35,7,124616.23,1,1,1,69320.97,0
15568506,Forbes,524,Germany,Female,31,10,67238.98,2,1,1,161811.23,0
15568519,Wood,534,France,Male,41,9,0.00,2,1,0,13871.34,0
15568562,Moss,689,France,Male,40,8,160272.27,1,1,0,49656.24,0
15568573,Graham,554,Germany,Female,51,7,105701.91,1,0,1,179797.79,1
15568595,Fleming,544,France,Male,64,9,113829.45,1,1,1,124341.49,0
15568742,Parkes,536,France,Female,41,9,0.00,1,1,0,121299.14,0
15568748,Poole,671,Germany,Male,45,6,99564.22,1,1,1,108872.45,1
15568819,Chiganu,619,Germany,Female,42,8,132796.04,3,1,1,191821.35,1
15568834,Howells,698,Spain,Male,27,6,125427.37,2,0,0,27654.44,0
15568849,Bryan,540,Spain,Female,31,10,118158.74,1,1,1,158027.57,0
15568876,Hughes,496,France,Female,34,1,102723.35,2,1,0,180844.81,0
15568878,Cheng,654,Spain,Male,34,5,0.00,2,1,0,159311.46,0
15568885,Scott,620,Germany,Female,34,8,102251.57,1,1,0,120672.09,0
15568904,Kruglova,608,Germany,Male,34,3,106288.54,1,1,1,36639.25,0
15568915,Bailey,681,France,Male,38,6,153722.47,1,1,0,101319.76,0
15568953,Alexeieva,477,France,Male,27,1,128554.98,1,1,1,133173.19,0
15568963,Naquin,674,Germany,Male,34,2,152797.90,1,1,0,175709.40,1
15568982,Hao,726,France,Female,24,6,0.00,2,1,1,54724.03,0
15569050,Farrell,444,France,Male,45,6,0.00,1,1,0,130009.85,1
15569079,Hagins,632,Germany,Male,48,6,126066.26,1,1,0,64345.61,1
15569098,Winifred,627,France,Male,44,6,153548.12,1,0,0,35300.08,1
15569120,Lucas,615,France,Male,30,7,0.00,2,1,1,156346.84,0
15569178,Kharlamov,570,France,Female,18,4,82767.42,1,1,0,71811.90,0
15569187,Fleming,680,Spain,Male,35,9,0.00,2,0,0,143774.06,0
15569209,Amaechi,464,Spain,Female,34,5,76001.57,1,1,1,158668.87,0
15569222,Mendes,781,France,Male,32,6,147107.91,1,1,1,40066.95,0
15569247,Mitchell,727,Spain,Female,57,1,109679.72,1,0,1,753.37,0
15569248,Milanesi,554,France,Female,43,10,0.00,2,1,0,149629.13,1
15569249,Howarth,576,France,Female,55,6,44582.07,3,0,1,67539.85,1
15569264,Yobanna,622,France,Male,32,5,179305.09,1,1,1,149043.78,0
15569266,Rahman,644,France,Male,28,7,155060.41,1,1,0,29179.52,0
15569274,Pisano,678,Germany,Male,49,2,116933.11,1,1,0,195053.58,1
15569364,Victor,666,France,Male,36,3,0.00,2,1,0,35156.54,0
15569394,Bailey,704,France,Male,24,2,148197.15,2,1,0,182775.08,0
15569410,Tang,601,Germany,Female,33,7,114430.18,2,1,1,153012.13,0
15569423,Cunningham,731,Spain,Male,41,4,0.00,2,1,0,22299.27,0
15569430,Burrows,704,Spain,Female,36,2,175509.80,2,1,0,152039.67,0
15569432,Macleod,656,France,Female,48,9,0.00,2,1,1,85240.61,1
15569438,Mai,607,Germany,Male,36,10,106702.94,2,0,0,198313.69,0
15569446,Tu,732,France,Female,34,8,122338.43,2,1,0,187985.85,0
15569451,Miller,463,France,Male,35,2,101257.16,1,1,1,118113.64,0
15569452,Butler,652,Germany,Female,58,3,116353.20,2,0,1,193502.90,0
15569503,Yeh,765,France,Male,44,6,0.00,2,1,1,159899.97,0
15569526,Morales,601,France,Male,40,10,98627.13,2,0,0,77977.69,0
15569571,Davydova,584,Germany,Female,46,6,87361.02,2,1,0,120376.87,1
15569572,Sopuluchi,778,France,Male,42,6,0.00,2,1,1,106197.44,0
15569590,Yoo,601,Germany,Male,42,1,98495.72,1,1,0,40014.76,1
15569595,Walker,678,France,Female,50,6,0.00,1,1,0,8199.50,0
15569624,Feng,671,Germany,Female,31,6,105864.60,2,1,0,145567.34,0
15569626,Miller,577,Spain,Male,35,5,110080.30,1,1,1,109794.31,0
15569641,Sung,692,Germany,Female,41,8,130701.29,1,1,0,59354.24,1
15569654,Munro,850,Germany,Female,31,3,51293.47,1,0,0,35534.68,0
15569666,Goddard,517,France,Female,45,4,0.00,1,0,0,172674.36,1
15569670,Alexeyeva,627,Germany,Male,30,6,112372.96,1,1,1,118029.09,0
15569678,Cocci,561,Germany,Male,32,6,166824.59,1,1,0,139451.98,0
15569682,Leckie,768,Germany,Male,37,9,108308.11,1,1,0,41788.25,1
15569759,Rawling,583,France,Female,27,4,0.00,3,1,0,163113.41,0
15569764,Garner,687,Germany,Female,41,2,154007.21,1,1,0,158408.23,0
15569807,Ejimofor,673,France,Female,34,8,42157.08,1,1,0,20598.59,1
15569867,Chinweuba,529,France,Female,29,8,0.00,2,1,0,19842.11,0
15569878,Dale,592,France,Male,37,3,96651.03,1,1,1,3232.82,0
15569892,Johnstone,516,France,Male,35,10,57369.61,1,1,1,101699.77,0
15569917,Obijiaku,706,Spain,Male,30,6,87609.68,2,0,0,137674.55,1
15569945,Horsley,509,Spain,Male,29,1,0.00,2,1,0,69113.14,0
15569976,Woronoff,754,Germany,Male,65,1,136186.44,1,1,1,121529.59,1
15570002,Burlingame,625,Germany,Female,55,8,118772.71,4,0,0,135853.62,1
15570004,Tsou,850,France,Male,31,3,0.00,2,1,0,121866.87,0
15570051,Gill,775,Germany,Female,38,6,179886.41,2,0,0,153122.58,0
15570060,Palerma,586,France,Female,43,8,132558.26,1,1,0,67046.83,1
15570073,Marian,721,Spain,Male,57,1,0.00,1,1,1,195940.96,0
15570086,Lynch,684,Germany,Male,18,9,90544.00,1,0,1,4777.23,0
15570087,Parry-Okeden,664,France,Female,44,8,142989.69,1,1,1,115452.51,1
15570134,Padovano,683,France,Female,35,6,187530.66,2,1,1,37976.36,0
15570141,P'eng,724,France,Female,34,3,132352.69,1,1,0,80320.30,0
15570145,Long,763,France,Female,23,2,0.00,2,1,0,153983.99,0
15570192,Henry,608,Germany,Female,40,8,121729.42,1,0,0,61164.45,0
15570194,Ikemefuna,412,France,Male,29,5,0.00,2,0,0,12510.53,0
15570205,Tao,682,Spain,Male,36,5,0.00,2,1,1,147758.51,0
15570271,Wan,577,Spain,Male,31,6,0.00,1,1,1,196395.25,0
15570289,Benson,697,Germany,Male,43,8,103409.16,1,1,0,66893.28,1
15570299,Martin,584,Germany,Female,31,6,152622.34,1,1,0,99298.80,0
15570326,Wilkins,621,France,Male,34,6,0.00,2,1,1,99128.13,0
15570360,Wan,641,France,Female,35,4,0.00,2,0,0,125986.18,0
15570379,Whitelegge,669,Spain,Male,51,3,88827.53,1,0,0,85250.77,1
15570414,Chizoba,618,Spain,Male,41,4,115251.64,1,0,0,136435.75,0
15570417,Chien,579,France,Male,35,1,0.00,2,1,0,4460.20,0
15570485,Udegbunam,558,Spain,Male,40,4,161766.87,1,0,0,92378.54,0
15570508,Azubuike,600,France,Male,49,7,90218.90,1,1,0,91347.76,0
15570533,Conti,621,Germany,Female,55,7,131033.76,1,0,1,75685.59,1
15570601,Cheng,785,France,Female,47,9,122031.55,1,1,1,33823.50,1
15570629,Alexeyeva,655,Germany,Female,72,5,138089.97,2,1,1,99920.41,0
15570681,Chiang,560,France,Male,24,1,116084.32,1,1,0,89734.70,0
15570769,Kibble,494,France,Male,69,9,93320.80,1,1,1,24489.44,0
15570835,Fallaci,491,Germany,Female,57,4,112044.72,1,1,1,41229.73,1
15570855,Leonard,670,France,Male,38,7,0.00,2,1,1,77864.41,0
15570857,Kambinachi,677,Germany,Female,39,0,111213.64,2,1,1,147578.26,0
15570859,Froggatt,626,Germany,Male,36,2,181671.16,2,1,1,57531.14,0
15570895,Ch'in,608,France,Male,42,10,163548.07,1,1,0,38866.85,0
15570908,Harding,687,Spain,Female,29,7,93617.07,1,0,1,113050.92,0
15570912,Ogbonnaya,728,Germany,Female,32,9,127772.10,2,1,1,152643.48,0
15570931,Grant,620,France,Male,61,5,0.00,1,0,0,31641.52,1
15570932,Pirozzi,666,France,Male,43,7,137780.74,2,1,1,119100.05,1
15570943,Artemyeva,711,Germany,Female,35,2,133607.75,1,1,1,120586.32,0
15570947,Bruny,615,Spain,Female,29,7,143330.56,2,1,1,126396.01,0
15570970,Han,647,France,Female,42,9,0.00,2,1,1,51362.82,0
15570990,Begley,520,Spain,Female,30,4,145222.99,2,0,0,145160.96,0
15571002,Yusupov,706,France,Female,44,4,129605.99,1,0,0,69865.49,0
15571059,Martin,734,France,Female,54,3,0.00,1,1,0,130805.54,1
15571065,Lehr,532,Spain,Female,39,0,0.00,2,1,0,94977.30,0
15571081,Hansen,773,France,Female,41,7,190238.93,1,1,1,57549.65,0
15571121,Kodilinyechukwu,670,France,Female,50,8,138340.06,1,0,1,3159.15,0
15571144,Ives,655,France,Male,28,10,0.00,2,0,1,126565.21,0
15571148,Baranov,645,Spain,Female,21,1,0.00,2,0,0,28726.07,0
15571193,Morrison,579,Germany,Male,42,0,144386.32,1,1,1,22497.10,1
15571221,Bergamaschi,747,Germany,Male,58,7,116313.57,1,1,1,190696.35,1
15571244,Tung,809,Spain,Female,33,3,0.00,2,0,1,141426.78,0
15571261,Toscani,714,Germany,Female,35,6,126077.43,2,1,1,53954.24,0
15571281,Ts'ao,651,France,Male,28,10,79562.98,1,1,1,74687.37,0
15571284,Elmore,756,Germany,Male,32,0,109528.16,2,1,1,56176.31,0
15571302,Estep,529,Germany,Male,72,5,94216.05,1,1,1,78695.68,0
15571305,Stephenson,588,Germany,Female,35,1,103060.63,1,1,0,179866.01,1
15571415,Okwudiliolisa,805,Germany,Male,56,6,151802.29,1,1,0,46791.09,1
15571476,Kelly,635,Spain,Male,38,0,103257.14,1,0,0,158344.63,0
15571529,Kirby,650,Germany,Female,48,7,138232.24,1,1,0,57594.78,0
15571550,Dore,699,France,Male,39,9,0.00,1,1,0,80963.92,0
15571571,Ting,680,Germany,Female,31,3,127331.46,3,1,1,176433.60,0
15571586,Briggs,524,Spain,Male,29,3,159035.45,1,1,0,2705.31,1
15571666,Shaw,642,Germany,Male,30,8,134497.27,1,0,0,43250.54,0
15571689,Kelechi,740,France,Female,37,5,0.00,2,1,1,27528.40,0
15571752,Romani,668,Germany,Female,32,10,92041.87,1,1,1,43595.90,0
15571756,Ohearn,724,France,Female,28,5,0.00,1,1,0,59351.68,0
15571778,Trentini,817,France,Female,55,10,117561.49,1,1,0,95941.55,1
15571816,Ritchie,850,Spain,Female,70,5,0.00,1,1,1,705.18,0
15571843,Lawrence,486,Spain,Male,24,1,0.00,1,1,0,98802.76,0
15571869,Lei,669,Germany,Female,50,4,112650.89,1,0,0,166386.22,1
15571873,Sung,655,France,Male,24,9,107065.31,1,1,1,51959.82,0
15571917,Eluemuno,771,Germany,Female,38,5,137657.71,2,1,0,72985.61,0
15571928,Fraser,679,France,Female,43,4,0.00,3,1,0,115136.51,1
15571940,Afamefula,579,Spain,Male,22,3,118680.57,1,1,1,49829.80,0
15571958,McIntosh,489,Spain,Male,40,3,221532.80,1,1,0,171867.08,0
15571973,Chinwemma,776,France,Female,38,2,169824.46,1,1,0,169291.70,0
15571995,Harper,775,Germany,Female,33,1,118897.10,2,1,1,26362.40,0
15572021,Ts'ao,798,Germany,Female,29,8,80204.11,2,1,0,70223.22,0
15572022,Han,605,France,Female,36,6,0.00,1,0,1,690.84,0
15572038,Chijindum,660,Germany,Male,35,9,113948.58,1,1,0,188891.96,1
15572050,Yefimov,768,Germany,Male,48,3,122831.58,1,1,1,24533.89,1
15572051,Kennedy,721,France,Male,40,3,0.00,1,1,1,144874.67,0
15572073,Yao,663,Spain,Male,35,5,0.00,2,1,1,62634.94,0
15572093,Han,613,France,Female,24,7,140453.91,1,1,0,129001.30,0
15572114,Shih,673,Spain,Male,40,1,121629.22,1,1,1,3258.60,0
15572145,Ashton,767,France,Female,34,8,0.00,2,1,0,94767.77,0
15572158,Blackburn,604,Spain,Male,41,3,0.00,1,0,0,11819.84,0
15572174,Mazzi,825,France,Male,29,3,148874.01,2,0,1,71192.82,0
15572182,Onwuamaeze,505,Germany,Female,33,3,106506.77,3,1,0,45445.78,1
15572265,Wu,646,Germany,Male,46,1,170826.55,2,1,0,45041.32,0
15572291,Kao,825,France,Male,40,6,132308.22,1,0,0,117122.50,0
15572294,Kelly,623,France,Male,28,7,0.00,1,0,0,129526.57,0
15572356,Tsai,689,Spain,Male,73,1,108555.07,1,0,1,167969.15,0
15572360,Clark,683,France,Male,30,10,57657.49,1,0,0,79240.90,0
15572361,Chill,790,Germany,Female,34,2,164011.48,1,1,0,199420.41,0
15572374,Hopetoun,733,Spain,Male,36,1,0.00,2,0,1,108377.82,0
15572390,Huang,850,Spain,Female,39,6,0.00,2,1,0,103921.43,0
15572398,Townsend,614,Spain,Female,39,6,0.00,2,1,1,164018.98,0
15572408,Chambers,714,Germany,Male,39,3,149887.49,2,1,0,63846.36,0
15572415,Preston,580,France,Male,34,6,0.00,2,1,1,160095.31,0
15572428,Rieke,717,Germany,Female,33,0,115777.23,1,1,1,81508.10,0
15572461,Kung,663,Germany,Female,29,4,102714.65,2,0,0,21170.81,0
15572467,Chandler,506,France,Male,37,5,0.00,2,1,1,127543.81,0
15572547,Vaguine,670,France,Female,45,9,104930.38,1,1,0,155921.81,1
15572626,Mackenzie,620,Spain,Male,44,8,0.00,2,1,1,15627.51,0
15572631,Ndubuisi,609,France,Male,25,10,0.00,1,0,1,109895.16,0
15572657,H?,472,France,Male,29,8,102490.27,1,0,1,181224.56,0
15572706,Smith,589,France,Male,37,5,0.00,1,1,0,61324.87,0
15572728,Ross,704,Spain,Male,36,8,127397.34,1,1,0,151335.24,0
15572735,Chang,433,Spain,Male,27,2,0.00,2,1,1,153698.65,0
15572762,Matveyeva,410,Germany,Female,50,2,102278.79,2,1,0,89822.48,0
15572767,Shelby,777,France,Male,29,2,0.00,2,1,0,124489.88,0
15572777,Meng,780,Spain,Male,47,7,86006.21,1,1,1,37973.13,0
15572792,Bellucci,535,Spain,Male,35,8,118989.92,1,1,1,135536.72,0
15572801,Krischock,639,Spain,Male,34,5,139393.19,2,0,0,33950.08,0
15572956,Steen,683,France,Male,36,5,115350.63,1,1,1,122305.91,0
15573045,Earl,547,France,Male,62,10,127738.75,2,1,1,85153.00,0
15573077,Nwora,620,Germany,Female,25,8,141825.88,1,1,1,73857.94,1
15573086,Millar,564,France,Male,42,7,99824.45,1,1,1,36721.40,0
15573112,Kang,602,Spain,Male,29,5,103907.28,1,1,0,161229.84,0
15573152,Glassman,620,France,Female,41,9,0.00,2,0,0,88852.47,0
15573171,Liao,695,Spain,Male,63,1,146202.93,1,1,1,126688.83,1
15573242,Greene,691,France,Male,50,6,136953.47,1,1,1,2704.98,0
15573278,Kennedy,743,France,Male,39,6,0.00,2,1,0,44265.28,0
15573280,Gallagher,646,Germany,Male,50,6,145295.31,2,1,1,27814.74,0
15573284,Olisanugo,579,France,Female,45,2,0.00,2,0,0,11514.39,0
15573309,Ward,626,Spain,Female,48,2,0.00,2,1,1,95794.98,0
15573318,Kung,610,France,Male,26,8,0.00,2,1,0,166031.08,0
15573319,Azubuike,493,Germany,Female,35,8,178317.60,1,0,0,197428.64,0
15573348,Maclean,850,France,Male,35,9,102050.47,1,1,1,3769.71,0
15573452,Manning,663,Germany,Male,42,7,115930.87,1,1,0,19862.78,0
15573456,Cunningham,648,Spain,Male,46,9,127209.00,2,1,0,77405.95,1
15573520,Rhodes,692,Germany,Male,49,6,110540.43,2,0,1,107472.99,0
15573599,Adamson,506,France,Female,57,6,0.00,2,0,1,194421.12,1
15573628,Greene,751,Germany,Female,51,7,148074.79,1,1,0,146411.41,1
15573730,Thompson,586,Germany,Male,42,6,126704.49,2,1,0,41682.30,0
15573741,Aliyeva,698,Spain,Male,38,10,95010.92,1,1,1,105227.86,0
15573769,Fiorentini,764,France,Female,24,7,0.00,2,1,0,186105.99,0
15573798,Yermolayev,448,France,Female,36,6,83947.12,2,1,0,81999.53,0
15573851,Macrossan,735,France,Female,38,1,0.00,3,0,0,92220.12,1
15573854,Chukwujekwu,727,France,Male,62,5,0.00,2,0,1,38652.96,0
15573876,Chia,473,Spain,Male,48,8,0.00,2,1,0,71139.80,0
15573888,Ponomaryov,648,Germany,Female,43,1,107963.38,1,0,0,186438.86,1
15573893,Barry,569,Germany,Male,25,9,173459.45,2,1,1,44381.06,0
15573926,Lung,735,Spain,Male,38,7,86131.71,2,0,0,93478.96,0
15573971,Mills,737,France,Male,44,7,0.00,2,0,0,57898.58,0
15574004,Mancini,429,France,Female,27,6,117307.44,2,1,1,24020.49,0
15574012,Chu,645,Spain,Male,44,8,113755.78,2,1,0,149756.71,1
15574068,Norman,504,Germany,Male,56,9,104217.30,1,0,0,55857.48,1
15574071,Muravyova,706,Germany,Male,23,2,93301.97,2,0,1,127187.04,0
15574072,Ch'ien,786,France,Female,62,8,0.00,1,1,1,165702.64,0
15574115,Shaw,656,Spain,Female,41,6,101179.23,2,1,1,35230.61,0
15574119,Okwuadigbo,598,Spain,Female,64,1,62979.93,1,1,1,152273.57,0
15574122,Tien,817,France,Male,34,5,129278.43,1,0,0,165562.84,0
15574137,Ch'in,687,Spain,Male,35,3,0.00,2,1,1,176450.19,0
15574142,Chuang,458,Germany,Female,28,2,171932.26,2,1,1,9578.24,0
15574167,Fox,665,France,Male,33,2,101286.11,1,1,1,159840.51,0
15574169,Trevisano,595,Germany,Female,32,0,92466.21,1,1,0,4721.30,0
15574206,Shillito,718,France,Female,37,7,0.00,2,1,1,55100.09,0
15574213,Wilson,789,France,Female,53,1,158271.74,1,1,1,5036.39,1
15574237,Hsueh,588,France,Female,21,8,0.00,2,1,1,110114.19,0
15574283,Padovano,580,France,Male,31,2,0.00,2,0,1,64014.24,0
15574296,Kambinachi,757,France,Male,23,2,80673.96,2,1,0,93991.65,0
15574305,T'ang,680,France,Male,36,3,116275.12,1,1,1,63795.80,0
15574324,Genovese,568,Germany,Female,29,2,129177.01,2,0,1,104617.99,0
15574331,Alexeeva,593,Germany,Female,62,3,118233.81,1,0,1,24765.53,1
15574352,Clogstoun,850,France,Male,43,4,161256.53,1,1,1,140071.57,0
15574369,Bianchi,415,Spain,Male,53,5,167259.44,1,1,1,22357.25,0
15574372,Hoolan,738,France,Male,35,5,161274.05,2,1,0,181429.87,0
15574480,Ubanwa,652,Spain,Male,31,1,132862.59,1,0,0,158054.49,0
15574523,Cheng,576,France,Male,39,1,0.00,2,1,1,68814.23,0
15574554,Pugh,537,Germany,Male,66,8,103291.25,2,1,1,130664.79,0
15574558,Gunter,718,Spain,Male,32,8,0.00,2,1,1,41399.33,0
15574584,Fang,670,France,Male,33,8,126679.69,1,1,1,39451.09,0
15574608,Sidorova,713,France,Male,36,8,133889.35,1,1,1,143265.65,0
15574692,Pinto,667,Spain,Female,39,2,0.00,2,1,0,40721.24,1
15574743,Chiu,577,Spain,Male,29,2,0.00,1,1,1,168924.41,0
15574761,Lynch,466,France,Female,41,3,33563.95,2,1,0,178994.13,1
15574783,Perkins,584,France,Female,37,1,0.00,2,1,1,180363.56,0
15574795,Lombardo,495,France,Female,38,2,63093.01,1,1,1,47089.72,0
15574830,Townsley,633,Germany,Male,58,2,128137.42,2,1,0,147635.33,1
15574842,Lorenzo,653,Germany,Female,25,2,158266.42,3,1,1,199357.24,0
15574858,Page,530,France,Male,37,8,0.00,2,1,1,287.99,0
15574868,Lowell,792,Germany,Male,36,5,115725.24,2,0,0,1871.25,0
15574879,Wright,631,Germany,Female,37,2,121801.72,2,0,1,23146.62,0
15574886,Palerma,706,France,Male,32,6,94486.47,1,1,1,146949.74,0
15574910,Ferguson,601,France,Male,50,2,115625.07,1,1,0,185855.21,0
15574947,Cartwright,656,France,Male,36,8,97786.08,2,0,1,21478.36,0
15575002,Ferguson,676,France,Male,29,4,140720.93,1,1,0,36221.18,0
15575024,Uwaezuoke,503,France,Male,29,3,0.00,2,1,1,143954.99,0
15575060,Gardner,797,France,Male,24,5,0.00,2,1,0,182257.61,0
15575119,Hughes,779,France,Male,71,3,0.00,2,1,1,146895.36,1
15575146,Jamieson,492,Germany,Male,51,8,117808.74,2,1,1,67311.12,0
15575147,Wall,699,France,Male,22,9,99339.00,1,1,0,68297.61,1
15575185,Bushell,757,Spain,Male,33,5,77253.22,1,0,1,194239.63,0
15575214,Ch'en,709,France,Male,37,7,0.00,1,1,0,159486.76,0
15575243,Gorbunova,764,France,Female,39,1,129068.54,2,1,1,187905.12,0
15575247,Cartwright,524,France,Male,30,1,0.00,2,1,0,126812.85,0
15575391,Claypool,677,France,Female,37,3,0.00,2,1,1,38252.25,0
15575399,Somadina,480,France,Female,42,1,152160.21,2,1,0,101778.90,0
15575409,Rozhkova,581,Germany,Male,31,6,116891.72,1,1,0,107137.30,0
15575410,Chidiegwu,667,Germany,Female,39,4,83765.35,2,1,0,118358.54,0
15575417,Chou,849,Germany,Male,37,7,143452.74,2,1,1,17294.12,0
15575428,Mistry,682,Germany,Female,35,2,117438.92,2,1,1,16910.98,0
15575430,Robson,579,France,Female,33,1,118392.75,1,1,1,157564.75,0
15575438,Pease,613,France,Male,42,7,115076.06,1,1,1,79323.61,0
15575445,Ferguson,629,Spain,Male,41,10,150148.51,1,0,0,6936.27,0
15575486,Okoli,529,France,Female,27,1,0.00,2,1,1,37769.98,0
15575492,Kennedy,828,France,Female,41,7,0.00,2,1,0,171378.77,0
15575498,Gould,705,France,Female,39,5,149379.66,2,1,0,96075.55,0
15575510,Milanesi,659,France,Female,32,2,155584.21,1,0,1,153662.88,0
15575581,Dickson,614,Germany,Female,30,3,131344.52,2,1,0,54776.64,0
15575605,Napolitano,725,France,Male,38,6,0.00,2,1,1,158697.28,0
15575619,Teakle,656,Spain,Female,32,1,104254.27,1,1,1,17034.37,0
15575623,Simpson,589,France,Female,31,10,110635.32,1,1,0,148218.86,0
15575676,Chung,638,France,Male,24,1,0.00,2,0,1,162597.15,0
15575679,Lori,590,France,Male,24,7,126431.54,1,1,0,58781.11,0
15575691,Palerma,689,France,Female,58,5,0.00,2,0,1,49848.86,0
15575694,Yobachukwu,729,Spain,Female,45,7,91091.06,2,1,0,71133.12,0
15575748,Conti,809,France,Male,36,9,68881.59,2,0,1,109135.11,0
15575759,Bentley,583,Spain,Female,40,3,54428.37,1,1,0,109638.78,1
15575858,Bergamaschi,763,France,Male,40,3,0.00,2,1,0,134281.11,0
15575883,Manna,559,France,Male,34,2,137390.11,2,1,0,9677.00,0
15575935,Baxter,673,France,Male,59,0,178058.06,2,0,1,21063.71,1
15575955,Lujan,764,France,Female,24,0,0.00,2,1,0,88724.49,0
15576000,Chibueze,765,France,Male,40,6,138033.55,1,1,1,67972.45,0
15576022,Nwachinemelu,565,France,Male,38,5,0.00,2,0,1,80630.32,0
15576044,Macdonald,579,Germany,Male,28,6,150329.15,1,1,0,145558.42,0
15576065,Sims,731,Spain,Female,40,5,171325.98,1,1,1,159718.27,1
15576077,Kelly,610,France,Female,27,9,159561.93,1,0,1,103381.47,0
15576085,Stone,739,France,Male,41,5,0.00,2,0,0,143882.25,0
15576094,Sung,743,France,Male,71,0,0.00,2,0,1,29837.65,0
15576111,Reagan,734,Germany,Male,33,5,121898.58,1,1,0,61829.89,0
15576124,Muravyova,582,France,Male,41,1,40488.76,1,1,0,128528.83,0
15576126,Young,649,France,Female,41,2,125785.23,1,1,1,70523.92,0
15576131,Phillips,666,France,Male,40,5,0.00,2,1,0,147878.05,0
15576156,Abazu,710,Spain,Female,28,6,0.00,1,1,0,48426.98,0
15576162,King,615,France,Male,32,7,92199.84,1,1,1,2755.53,0
15576185,Sinclair,653,France,Male,29,2,0.00,2,1,1,41671.81,0
15576196,Benson,743,Spain,Female,48,5,118207.69,2,0,0,186489.14,1
15576216,Chienezie,655,Germany,Female,37,4,108862.76,1,1,0,79555.08,1
15576219,Cameron,615,France,Male,32,4,0.00,2,1,1,6225.63,0
15576256,Yusupova,582,France,Male,39,5,0.00,2,1,1,129892.93,0
15576263,Clements,759,France,Female,22,5,0.00,1,1,0,22303.17,0
15576269,Madison,523,Spain,Male,34,7,0.00,2,1,0,62030.06,0
15576304,Bailey,698,France,Male,29,5,95167.55,1,1,1,152723.23,0
15576313,Wei,486,Germany,Female,40,9,71340.09,1,1,0,76192.21,0
15576352,Revell,586,Spain,Female,57,3,0.00,2,0,1,6057.81,0
15576360,Ch'iu,600,France,Male,40,1,141136.79,1,1,1,67803.83,0
15576368,Bledsoe,624,Germany,Female,48,3,122388.38,2,0,0,30020.09,0
15576517,Everingham,445,Germany,Female,34,7,131082.17,2,1,1,70618.00,0
15576526,Steele,850,Spain,Male,36,6,0.00,2,0,1,41291.05,0
15576550,Ugochukwu,619,Spain,Female,38,1,0.00,1,1,0,112442.63,1
15576602,Lawrence,809,France,Male,38,3,0.00,2,1,1,80061.31,0
15576615,Giordano,719,Spain,Male,37,10,145382.61,1,1,0,80408.59,0
15576623,Outlaw,584,France,Male,31,5,0.00,2,1,0,31474.27,0
15576641,Crawford,733,Germany,Male,40,5,125725.02,2,1,1,50783.10,0
15576644,Lin,687,Germany,Female,29,4,78939.15,1,1,0,122134.56,1
15576676,Serrano,706,Germany,Female,28,6,124923.35,2,1,1,50299.14,0
15576680,Stevenson,736,France,Male,29,4,0.00,2,0,0,51705.01,0
15576683,Yin,568,Spain,Female,43,9,0.00,1,1,0,125870.79,1
15576706,Ajuluchukwu,651,Germany,Male,37,9,114453.58,1,0,1,175820.91,0
15576714,Manna,687,Spain,Female,21,8,0.00,2,1,1,154767.34,0
15576723,Ts'ai,740,France,Female,37,7,0.00,2,1,1,194270.91,0
15576745,Fyodorov,769,France,Male,48,2,96542.16,2,0,1,197885.72,0
15576760,Onodugoadiegbemma,673,Germany,Male,36,5,73088.06,2,0,0,196142.26,0
15576774,Stevenson,729,France,Female,38,7,0.00,2,0,0,45779.90,0
15576824,Kennedy,564,Germany,Female,44,3,111760.40,3,1,1,104722.47,1
15576928,Walsh,573,France,Female,23,2,0.00,1,1,0,122964.18,0
15576935,Ampt,743,Spain,Male,43,2,161807.18,2,0,1,93228.86,1
15576945,Clements,582,France,Male,29,0,0.00,1,1,0,142516.35,0
15576990,Taplin,790,Germany,Female,25,5,152885.77,1,1,0,58214.79,0
15577018,Tsao,684,Germany,Female,26,2,114035.39,1,0,0,96885.19,0
15577064,Onyekaozulu,592,Germany,Male,36,2,104702.65,2,1,0,107948.72,0
15577078,Zakharov,539,Spain,Male,38,6,0.00,1,1,1,152880.07,1
15577107,Milne,657,Spain,Female,22,6,0.00,3,0,1,168412.07,1
15577170,Manfrin,532,France,Male,60,5,76705.87,2,0,1,13889.73,0
15577178,Genovese,511,France,Male,45,5,68375.27,1,1,0,193160.25,1
15577274,Genovese,549,Germany,Female,43,3,134985.66,1,1,0,6101.41,0
15577313,Lionel,619,France,Male,44,3,116967.68,1,1,0,5075.17,1
15577359,Bezrukov,767,Spain,Male,47,5,0.00,1,1,0,121964.46,1
15577398,Ch'eng,850,France,Male,30,6,86449.39,1,1,1,188809.23,0
15577402,Grant,593,France,Male,31,9,0.00,2,0,1,20492.16,0
15577423,Mosley,627,Germany,Female,39,5,124586.93,1,1,0,93132.61,1
15577478,Ch'iu,714,France,Female,72,3,0.00,1,1,1,86733.61,0
15577514,Mai,698,Germany,Female,36,7,121263.62,1,1,1,13387.88,0
15577515,Sung,554,Germany,Female,55,0,108477.27,1,0,1,140003.00,1
15577587,Reynolds,550,Germany,Male,52,5,121016.23,1,1,1,41730.37,1
15577598,Chiang,651,Spain,Male,23,4,115636.05,2,1,0,70400.86,0
15577657,McDonald,732,France,Male,41,8,0.00,2,1,1,170886.17,0
15577683,Maclean,539,France,Female,29,4,0.00,2,1,1,100919.19,0
15577695,Zito,678,France,Male,41,2,148088.11,1,1,0,14083.12,0
15577700,Rapuokwu,749,France,Male,37,10,185063.70,2,1,1,134526.87,0
15577751,Pisano,759,Germany,Male,30,4,101802.67,1,0,0,8693.80,0
15577771,Akabueze,453,Germany,Female,40,1,111524.49,1,1,1,120373.84,1
15577806,Chiu,794,Germany,Female,54,1,75900.84,1,1,1,192154.66,0
15577831,Byrne,560,Germany,Male,41,4,152532.30,1,0,0,10779.69,0
15577905,Hammond,660,France,Male,34,8,106486.66,2,0,1,182262.66,0
15577913,Oliver,651,France,Female,32,8,144581.96,1,1,1,87609.50,0
15577970,Alexeeva,489,France,Male,34,5,0.00,1,0,0,43540.59,0
15577985,Chinomso,574,France,Female,34,5,112324.45,2,1,1,17993.43,0
15577988,Skinner,614,France,Female,35,1,0.00,2,1,1,3342.62,0
15577999,Sleeman,850,France,Female,62,1,124678.35,1,1,0,70916.00,1
15578006,Yao,787,France,Female,85,10,0.00,2,1,1,116537.96,0
15578045,Mitchell,538,Spain,Female,49,9,141434.04,1,0,0,173779.25,1
15578073,Barker,686,Spain,Male,22,8,0.00,2,0,0,142331.85,0
15578096,Nnachetam,537,France,Male,26,7,106397.75,1,0,0,103563.23,0
15578098,Jamieson,600,France,Male,31,8,0.00,2,1,1,121555.51,0
15578141,Chien,592,Spain,Male,38,3,0.00,1,1,1,12905.89,1
15578156,Anenechukwu,615,Spain,Male,32,5,138521.83,1,1,1,56897.10,0
15578186,Pirozzi,486,Germany,Male,37,9,115217.99,2,1,0,144995.33,0
15578211,Connolly,777,France,Male,23,6,0.00,2,1,1,163225.48,0
15578238,Calabrese,727,France,Male,47,7,0.00,2,1,0,193305.35,0
15578251,Fang,644,France,Male,37,2,186347.97,2,1,0,92809.73,0
15578297,Ebelegbulam,737,Germany,Female,43,1,125537.38,1,1,0,138510.01,1
15578307,Lucchese,512,France,Female,33,6,121685.31,2,1,1,83681.97,0
15578369,Chiedozie,652,Germany,Female,37,9,145219.30,1,1,0,159132.83,0
15578374,Gilroy,620,Spain,Male,36,7,169312.72,1,1,0,45414.09,0
15578375,Farrell,628,France,Male,39,6,0.00,2,0,0,134441.60,0
15578435,Langlands,640,France,Male,40,8,110340.68,1,1,1,157886.60,0
15578462,Hs?,596,Spain,Female,76,9,134208.25,1,1,1,13455.43,0
15578515,Osinachi,659,France,Female,38,3,0.00,2,1,0,158553.10,0
15578546,Akobundu,491,Germany,Male,26,4,102251.14,1,1,1,145900.89,0
15578603,Alexeieva,584,Germany,Female,54,1,77354.37,1,0,0,138192.98,1
15578648,Marino,543,Germany,Male,49,6,59532.18,1,1,0,104253.56,0
15578671,Webb,706,Spain,Female,29,1,209490.21,1,1,1,133267.69,1
15578722,Bradley,689,France,Male,39,4,0.00,2,1,0,196112.45,0
15578738,Tuan,609,France,Male,32,7,71872.19,1,1,1,151924.90,0
15578747,Chineze,701,Spain,Male,26,5,83600.24,1,0,1,59195.05,0
15578761,Cunningham,459,Spain,Female,42,6,129634.25,2,1,1,177683.02,1
15578783,Mai,620,Germany,Male,35,0,76989.97,1,1,1,17242.79,0
15578787,Goddard,641,France,Female,52,4,0.00,1,1,0,90964.54,1
15578788,Bibi,786,Spain,Male,40,6,0.00,2,0,0,41248.80,0
15578799,Anayolisa,625,France,Female,58,10,53772.73,1,1,1,192072.10,1
15578809,Hao,651,Germany,Male,40,1,134760.21,2,0,0,174434.06,1
15578825,Golubev,734,France,Female,29,0,139994.66,1,1,0,17744.72,0
15578835,Brookes,675,Spain,Female,50,1,133204.91,1,0,1,8270.06,0
15578865,Palerma,632,Germany,Female,50,5,107959.39,1,1,1,6985.34,1
15578866,Hughes,676,France,Female,43,2,0.00,1,1,1,55119.53,0
15578878,Hancock,569,Spain,Female,30,3,139528.23,1,1,1,33230.37,0
15578908,Todd,725,Spain,Female,32,0,0.00,2,1,1,138525.19,0
15578977,Robinson,786,France,Male,34,9,0.00,2,1,0,144517.19,0
15578980,Piazza,516,Spain,Female,33,3,0.00,2,1,1,58685.59,0
15579040,Hs?,556,France,Female,46,10,0.00,2,0,0,109184.24,0
15579062,Chu,707,France,Male,32,9,0.00,2,0,0,30807.02,0
15579074,Obiajulu,619,Germany,Male,38,10,84651.79,1,1,1,184754.26,0
15579109,Napolitano,574,Germany,Male,35,5,163856.76,1,1,1,15118.20,0
15579112,Gibson,598,France,Male,47,2,0.00,2,1,1,186116.54,0
15579130,Chidiegwu,708,Germany,Female,43,0,118994.84,1,1,0,181499.77,1
15579131,Ricci,835,France,Male,25,7,0.00,2,1,1,83449.65,0
15579166,Munro,619,France,Female,30,7,70729.17,1,1,1,160948.87,0
15579183,Spaull,586,France,Male,64,1,0.00,2,1,1,53710.23,0
15579189,Mitchell,690,France,Female,42,5,0.00,2,0,1,120512.08,0
15579207,Watkins,545,France,Male,37,3,91184.01,1,1,0,105476.65,0
15579208,Chikezie,550,France,Female,48,6,0.00,2,1,1,191870.28,0
15579212,Chuang,638,France,Male,57,6,0.00,1,1,0,33676.48,1
15579223,Niu,573,Germany,Male,30,8,127406.50,1,1,0,192950.60,0
15579262,Shearston,497,France,Male,41,9,0.00,1,0,0,22074.48,0
15579287,Rossi,581,France,Male,35,4,0.00,2,0,1,86383.82,0
15579334,Watkins,769,Germany,Female,45,5,126674.81,1,1,0,124118.71,1
15579345,Murphy,775,Germany,Female,74,0,161371.50,1,1,1,134869.93,0
15579387,Ni,635,Germany,Female,44,2,79064.85,2,0,1,113291.75,0
15579433,Pugh,793,Spain,Male,29,8,96674.55,2,0,0,192120.66,0
15579526,O'Meara,551,France,Male,42,1,50194.59,1,1,1,23399.58,0
15579548,Nicholson,735,Spain,Male,36,5,0.00,2,1,0,105152.17,0
15579559,Chienezie,544,Spain,Male,30,8,145241.63,1,1,1,80676.83,0
15579566,"Li Fonti",616,Spain,Female,43,3,120867.18,1,1,0,18761.92,1
15579583,Hall,641,Spain,Female,40,4,101090.27,1,1,1,51703.09,0
15579616,Goodwin,683,France,Female,42,8,0.00,2,0,1,198134.90,0
15579617,Sinclair,489,France,Female,51,3,0.00,2,0,1,174098.28,1
15579647,Oluchukwu,682,France,Male,42,0,0.00,1,1,1,160828.98,0
15579706,Curtis,611,France,Female,46,5,0.00,1,1,0,77677.14,1
15579714,Pan,542,France,Female,29,7,0.00,2,0,1,196651.72,0
15579777,Sazonova,850,France,Male,41,3,0.00,2,1,0,128892.36,0
15579781,Buccho,806,Germany,Male,31,10,138653.51,1,1,0,190803.37,0
15579787,Nkemakonam,686,France,Male,39,4,0.00,2,1,0,155023.93,0
15579808,Kramer,754,Germany,Female,39,8,129401.87,1,1,1,87684.93,0
15579820,Robertson,704,Spain,Male,38,6,106687.76,1,1,0,173776.50,0
15579826,Young,439,France,Female,66,9,0.00,1,1,0,65535.56,0
15579891,Milani,714,France,Male,52,4,100755.66,1,1,1,186775.25,0
15579892,Doyle,708,Spain,Male,19,7,112615.86,1,1,1,4491.77,0
15579914,Garcia,633,Germany,Male,30,2,109786.82,2,1,1,139712.81,0
15579915,Glennon,707,France,Male,29,4,0.00,2,1,0,139953.94,0
15579969,Mancini,683,France,Female,32,9,0.00,2,1,1,24991.92,0
15579994,Shaw,616,France,Male,23,8,73112.95,1,1,1,62733.05,0
15579996,Iroawuchi,524,Germany,Female,25,7,131402.21,1,0,0,193668.49,0
15580043,Murray,575,Spain,Female,22,8,105229.34,1,1,1,34397.08,0
15580068,Buccho,526,Spain,Male,35,5,0.00,2,1,1,105618.14,0
15580134,Crawford,479,Spain,Male,27,2,172463.45,1,1,1,40315.27,0
15580146,Hung,738,France,Male,31,9,82674.15,1,1,0,41970.72,0
15580148,Welch,750,Germany,Male,40,5,168286.81,3,1,0,20451.99,1
15580149,Fowler,638,Spain,Male,41,7,0.00,2,1,0,43889.41,0
15580203,Kennedy,674,Spain,Male,39,6,120193.42,1,0,0,100130.95,0
15580213,McIntyre,585,France,Female,43,2,0.00,2,1,0,89402.54,0
15580227,Moss,803,France,Male,33,6,0.00,2,1,0,115676.61,0
15580249,Lori,502,France,Male,45,0,0.00,1,0,0,84663.21,0
15580252,Waters,748,France,Male,44,4,112610.77,1,0,1,2048.55,0
15580366,Okechukwu,566,Germany,Male,54,4,118614.60,2,1,1,172601.62,0
15580462,Corby,607,Spain,Male,40,1,112544.45,1,1,1,19842.22,0
15580487,Martin,627,Germany,Male,38,8,106922.92,2,0,1,84270.09,0
15580493,Chin,469,France,Male,33,1,127818.52,1,1,0,163477.22,0
15580560,Harris,769,France,Female,73,1,0.00,1,1,1,29792.11,0
15580579,Trevisani,490,France,Female,40,1,0.00,1,1,1,49594.19,1
15580623,Yefremova,573,Spain,Male,28,8,0.00,2,0,0,77660.03,0
15580629,Blackwood,604,France,Male,31,6,134837.58,1,1,0,192029.19,0
15580682,Tsai,652,France,Female,40,4,79927.36,2,1,1,33524.60,0
15580684,Feng,706,France,Female,29,5,112564.62,1,1,0,42334.38,0
15580701,Ma,712,France,Male,33,3,153819.58,1,1,0,79176.09,1
15580719,Davis,697,France,Female,23,10,0.00,2,1,1,79734.23,0
15580805,Marino,655,France,Male,27,10,0.00,2,1,0,51620.94,0
15580845,Chienezie,685,Germany,Male,57,7,101868.51,1,0,1,113483.96,0
15580872,Chinweike,761,Germany,Female,38,1,120530.13,2,1,0,109394.62,0
15580912,McNeill,748,France,Male,32,5,154737.88,2,1,1,172638.13,0
15580914,Okechukwu,478,Spain,Male,48,0,83287.05,2,0,1,44147.95,1
15580935,Okechukwu,687,Germany,Male,33,9,135962.40,2,1,0,121747.96,0
15580953,Forbes,544,France,Male,30,4,73218.89,1,0,1,126796.69,0
15580956,McNess,683,Germany,Female,43,4,115888.04,1,1,1,117349.19,1
15580988,Odell,842,France,Male,29,8,0.00,2,1,1,123437.05,0
15581036,Beyer,712,Germany,Female,40,3,109308.79,2,1,0,120158.72,1
15581089,Knight,744,Spain,Male,35,7,0.00,2,1,1,43036.60,0
15581102,Baresi,554,France,Female,22,8,0.00,2,0,1,142670.61,0
15581115,Middleton,603,France,Female,39,9,76769.68,1,0,0,48224.72,0
15581197,Ricci,762,France,Female,51,3,99286.98,1,0,1,85578.63,0
15581198,Jenkins,668,Germany,Female,39,0,122104.79,1,1,0,112946.67,1
15581229,Gregory,502,Germany,Female,32,1,173340.83,1,0,1,122763.95,0
15581237,Biryukova,573,Spain,Male,33,1,160777.90,1,1,1,149536.15,0
15581252,Dolgorukova,632,Spain,Female,29,7,80922.75,1,1,0,7820.78,0
15581280,Atkinson,714,Germany,Male,29,6,92887.13,1,1,1,69578.49,0
15581282,Lucchese,651,France,Female,39,6,0.00,1,1,0,24176.44,0
15581286,Castro,734,France,Female,40,9,176914.80,1,1,1,12799.23,0
15581295,Ch'ien,617,Spain,Female,45,1,0.00,1,1,0,143298.06,0
15581323,White,488,Germany,Female,28,7,139246.22,2,1,0,106799.49,0
15581332,Pan,655,Germany,Female,30,1,83173.98,2,1,1,184259.60,0
15581370,Andreyeva,681,Spain,Male,38,2,99811.44,2,1,0,23531.50,0
15581388,Y?an,487,Spain,Male,33,8,145729.71,1,1,0,41365.85,0
15581440,Christie,724,Germany,Female,48,6,110463.25,2,1,1,80552.11,1
15581479,Archer,523,France,Male,30,1,83181.29,1,1,1,138176.78,0
15581505,Bales,641,France,Male,35,5,0.00,2,1,0,93148.93,0
15581525,Walker,775,Germany,Male,33,3,83501.66,2,1,0,128841.31,0
15581526,Iweobiegbulam,574,France,Male,41,1,0.00,2,0,0,70550.00,0
15581539,Atkinson,474,Spain,Male,37,3,0.00,2,0,0,57175.32,0
15581548,Kaodilinakachukwu,637,Spain,Female,22,5,98800.00,1,1,0,122865.55,0
15581551,Yobachukwu,850,Spain,Male,41,8,132838.07,1,1,1,175347.28,0
15581620,Franklin,597,France,Male,28,2,0.00,3,1,1,78707.97,0
15581626,Mancini,664,France,Male,54,8,0.00,1,1,1,162719.69,1
15581654,Long,798,France,Male,32,7,0.00,2,0,1,37731.95,0
15581700,Paterson,615,Germany,Male,43,3,86920.86,1,1,1,150048.37,0
15581733,Bates,781,France,Female,28,4,0.00,2,1,0,177703.15,0
15581736,Bartlett,673,Germany,Male,47,1,183579.54,2,0,1,34047.54,0
15581748,Shen,754,Germany,Male,57,2,101134.87,2,1,1,70954.41,0
15581811,Chukwubuikem,678,Germany,Female,30,1,139676.95,2,0,1,16146.00,0
15581840,DeRose,626,France,Male,33,8,0.00,2,1,0,138504.28,0
15581871,Butler,504,Germany,Male,42,7,131287.36,2,1,1,149697.78,0
15581893,Ginikanwa,747,France,Male,43,1,130788.71,1,0,1,101495.00,1
15581968,Reid,745,France,Female,33,1,0.00,2,1,1,174431.01,0
15582016,Fiorentini,766,Spain,Male,41,6,99208.46,2,1,0,62402.38,0
15582033,Manfrin,753,Germany,Male,44,3,138076.47,1,1,0,15523.09,1
15582066,Maclean,561,France,Male,21,4,0.00,1,1,1,36942.35,0
15582090,Iroawuchi,684,Spain,Female,36,4,0.00,1,1,0,117038.96,0
15582116,Ma,767,Germany,Female,45,7,132746.20,2,1,0,26628.88,1
15582129,Hsia,517,France,Male,62,1,43772.66,3,1,0,187756.24,1
15582149,Ts'ui,850,Germany,Female,34,3,129668.43,2,1,1,88743.99,0
15582154,Crawford,670,France,Female,45,5,47884.92,1,1,1,54340.24,0
15582168,Muravyova,713,Germany,Female,61,4,149525.34,2,1,0,123663.63,0
15582180,Lees,561,France,Male,29,9,120268.13,1,1,1,173870.39,0
15582246,Rowe,737,Spain,Female,45,2,0.00,2,0,1,177695.67,0
15582259,Campbell,567,France,Female,37,7,0.00,2,1,1,28690.90,0
15582276,Greco,638,France,Male,34,5,133501.36,1,0,1,155643.04,0
15582325,Jennings,524,France,Male,52,2,87894.26,1,1,0,173899.42,1
15582335,Brown,556,France,Female,40,9,129860.37,1,0,0,17992.94,0
15582404,Miller,572,Spain,Female,26,5,0.00,2,1,0,119381.41,0
15582492,Moore,535,France,Female,29,2,112367.34,1,1,0,185630.76,0
15582519,Seleznyov,479,France,Male,47,6,121797.09,1,0,1,5811.90,1
15582591,Chiabuotu,615,Spain,Male,59,4,155766.05,1,1,1,110275.17,0
15582616,Y?an,520,France,Female,38,4,0.00,2,1,0,56388.63,0
15582714,Napolitani,749,Germany,Male,47,9,110022.74,1,0,1,135655.29,1
15582741,Maclean,693,France,Female,35,5,124151.09,1,1,0,88705.14,1
15582762,Mazzanti,667,Spain,Male,77,2,0.00,1,1,1,34702.92,0
15582797,Ch'iu,685,Spain,Male,35,4,137948.51,1,1,0,113639.64,0
15582841,Butusov,600,France,Male,29,8,0.00,2,0,1,34747.43,0
15582847,Yermakova,662,France,Male,26,0,0.00,2,0,1,72929.96,0
15582849,McIntosh,757,France,Female,51,1,0.00,1,1,1,22835.13,1
15582892,Scott,601,France,Male,46,2,99786.07,1,1,1,32683.88,1
15582903,Edwards,643,France,Male,39,7,0.00,2,1,1,170392.59,0
15582910,Turnbull,514,France,Male,38,4,112230.38,1,1,0,16717.11,1
15582944,Becker,425,Spain,Female,39,5,0.00,2,1,0,140941.47,0
15582951,Crawford,696,France,Female,25,8,126442.59,1,1,0,121904.44,0
15582960,Short,473,France,Female,33,5,125827.43,1,0,1,145698.73,0
15583026,Welch,535,France,Female,38,0,135919.33,1,1,0,80425.65,0
15583033,Huguley,640,France,Female,20,4,0.00,2,0,1,78310.82,0
15583049,Wallace,643,Germany,Female,34,7,160426.07,1,0,1,188533.11,0
15583067,McMillan,687,France,Female,36,4,97157.96,1,0,1,63185.05,0
15583073,Martin,771,Spain,Female,56,2,0.00,1,1,1,25222.60,1
15583076,Deleon,588,Germany,Male,41,6,106116.56,2,1,0,198766.61,0
15583090,Komar,581,Spain,Female,29,8,0.00,2,1,0,46735.19,0
15583137,Pope,637,France,Female,48,7,130806.99,2,1,1,132005.85,1
15583138,Persse,739,France,Male,42,2,141642.92,2,1,0,172149.76,0
15583212,Chidozie,600,France,Female,43,5,134022.06,1,1,0,194764.83,0
15583221,Arnold,667,Germany,Male,70,3,77356.92,2,1,1,20881.96,0
15583278,Greece,743,Spain,Female,36,8,92716.96,1,1,1,33693.78,0
15583303,Monaldo,593,France,Female,29,2,152265.43,1,1,0,34004.44,0
15583353,Floyd,610,Spain,Female,45,3,0.00,1,1,0,38276.84,1
15583364,McGregor,476,France,Female,32,6,111871.93,1,0,0,112132.86,0
15583371,Artemiev,632,Spain,Male,37,1,138207.08,1,1,0,60778.11,1
15583392,Woronoff,747,Germany,Male,37,9,135776.36,3,1,0,85470.45,1
15583394,Zuyev,659,Germany,Male,39,8,106259.63,2,1,1,198103.32,0
15583456,Gardiner,745,Germany,Male,45,10,117231.63,3,1,1,122381.02,1
15583462,Graham,695,France,Male,28,5,171069.39,2,1,1,88689.40,0
15583480,Morgan,807,France,Female,36,4,0.00,2,0,1,147007.33,0
15583499,Chiagoziem,510,France,Male,32,9,103324.78,1,1,1,46127.70,0
15583548,Harrison,525,Spain,Female,47,6,118560.00,1,1,0,82522.61,1
15583552,Donaldson,674,Germany,Male,44,3,88902.21,1,1,0,73731.32,0
15583576,Tai,671,France,Male,30,2,0.00,1,0,1,102057.86,0
15583580,Chiawuotu,566,Germany,Female,35,1,123042.00,1,1,0,66245.44,1
15583595,Tao,461,France,Female,28,8,0.00,1,1,1,103349.74,0
15583597,Ikedinachukwu,696,Spain,Male,47,1,106758.60,1,1,1,80591.18,0
15583668,Ludowici,726,France,Female,42,2,109471.79,1,0,1,175161.05,0
15583680,White,615,Spain,Male,41,4,0.00,1,0,1,149278.96,0
15583681,Layh,616,Spain,Male,31,7,76665.71,2,1,1,163809.08,0
15583692,Chan,591,Germany,Female,35,2,90194.34,2,1,0,57064.57,0
15583718,Terry,696,Germany,Male,38,6,142316.14,1,1,1,8018.49,0
15583724,Raymond,645,Spain,Female,29,4,0.00,2,1,1,74346.11,0
15583725,Mairinger,682,France,Male,48,1,138778.15,1,0,1,168840.23,0
15583736,Shih,829,Germany,Male,36,4,81795.74,2,1,0,90106.94,0
15583748,McGuigan,592,Spain,Male,38,8,0.00,2,1,0,180426.20,0
15583755,McClemans,592,Germany,Male,33,2,156570.86,1,1,1,37140.20,0
15583764,Wilkes,791,Germany,Male,31,1,130240.33,1,0,0,96546.55,0
15583840,Okechukwu,587,Germany,Male,35,5,121863.61,1,1,1,23481.69,1
15583849,Ts'ai,408,France,Male,40,3,0.00,2,0,0,124874.23,0
15583850,Davidson,672,Germany,Male,68,0,126061.51,2,1,1,184936.77,0
15583857,Siciliano,623,Spain,Female,43,4,123536.52,2,0,0,154908.52,0
15583863,Chimaobim,681,Germany,Male,49,8,142946.18,1,0,0,187280.51,1
15584037,Denisov,727,Germany,Male,58,5,106913.43,1,1,0,25881.00,1
15584090,Jen,621,Spain,Female,40,7,0.00,2,0,1,131283.60,1
15584091,Pitts,742,Germany,Female,36,2,129748.54,2,0,0,47271.61,1
15584113,Pratt,823,Germany,Female,53,4,124954.94,1,0,1,131259.60,1
15584114,Ogbonnaya,678,Germany,Female,43,2,153393.18,2,1,1,193828.27,0
15584156,Siciliani,593,Spain,Male,27,10,0.00,3,0,0,94620.00,1
15584190,Esposito,704,France,Male,36,7,120026.98,2,0,1,100601.73,0
15584229,Simon,671,Germany,Female,23,9,123943.18,1,1,1,159553.27,0
15584271,Donaldson,633,France,Male,59,5,0.00,1,1,1,137273.97,0
15584288,Hung,629,France,Female,33,6,0.00,2,1,1,59129.72,0
15584320,Brennan,686,France,Female,39,3,111695.62,1,0,0,136643.84,0
15584338,Winn,714,France,Female,40,0,0.00,2,1,0,62762.12,0
15584363,Longstaff,824,France,Male,30,0,133634.02,1,1,1,162053.92,0
15584364,Trentini,652,France,Male,48,4,59486.31,1,1,0,163944.18,1
15584452,Bozeman,667,France,Male,41,6,0.00,2,0,0,167181.77,0
15584453,Burtch,555,Spain,Male,32,10,0.00,2,0,1,168605.96,0
15584462,Liang,739,France,Male,34,9,0.00,1,1,0,60584.33,0
15584477,K?,655,Spain,Female,35,1,106405.03,1,1,1,82900.25,0
15584505,Hill,580,France,Female,23,5,113923.81,2,0,0,196241.43,0
15584518,Arthur,589,Germany,Female,50,5,144895.05,2,1,1,34941.23,0
15584532,Liu,709,France,Female,36,7,0.00,1,0,1,42085.58,1
15584536,Barber,720,Germany,Male,46,3,97042.60,1,1,1,133516.51,1
15584545,Aksenov,532,France,Female,40,5,0.00,2,0,1,177099.71,0
15584580,Fyodorova,443,France,Male,35,6,161111.45,1,0,0,13946.66,0
15584620,Su,850,Germany,Female,36,6,143644.16,1,1,0,22102.25,1
15584704,Chiazagomekpele,519,France,Male,48,10,71083.98,1,1,0,137959.00,0
15584749,Humphries,668,Germany,Male,39,4,79896.00,1,1,0,38466.39,0
15584766,Knight,557,France,Male,33,3,54503.55,1,1,1,371.05,0
15584776,Shen,847,Spain,Female,37,9,112712.17,1,1,0,116097.26,0
15584785,Ogochukwu,660,France,Male,37,2,97324.91,1,1,0,23291.83,0
15584812,Overby,693,Spain,Female,39,0,0.00,2,0,0,81901.60,0
15584897,Kuo,639,France,Female,31,3,98360.03,1,0,0,20973.80,0
15584899,Siciliani,617,France,Female,35,5,0.00,2,0,1,13066.30,0
15584928,Ugochukwutubelum,594,Germany,Female,32,4,120074.97,2,1,1,162961.79,0
15584930,Grimmett,726,Germany,Male,30,5,111375.32,2,1,0,2704.09,0
15584967,Chiganu,596,Spain,Male,57,6,0.00,2,1,1,72402.00,0
15585036,Okoli,694,Spain,Female,37,3,0.00,2,1,1,147012.22,0
15585041,Ainsworth,511,France,Male,33,7,0.00,2,0,1,158313.87,0
15585047,Onyemere,715,France,Male,28,7,160376.61,1,0,0,196853.11,0
15585066,Chimaraoke,660,France,Female,43,1,0.00,1,0,1,112026.10,1
15585067,Wilson,634,Spain,Male,31,9,108632.48,1,1,1,179485.96,1
15585100,Rioux,511,Germany,Female,40,9,124401.60,1,1,0,198814.24,1
15585106,Calabresi,492,Germany,Female,38,8,57068.43,2,1,0,188974.81,0
15585133,Wei,657,Spain,Female,27,8,0.00,2,0,0,6468.24,0
15585192,Cremonesi,686,Spain,Male,39,10,136258.06,1,0,0,89199.51,0
15585198,Bergamaschi,715,France,Male,41,4,94267.90,1,0,1,152821.12,1
15585215,Yuan,763,France,Female,31,4,0.00,2,0,0,50404.72,0
15585222,Norman,515,France,Male,41,8,0.00,2,1,1,185054.14,0
15585241,Butcher,756,Spain,Male,29,2,117412.19,2,1,0,4888.91,0
15585249,Mironova,741,France,Male,42,6,106036.52,1,1,0,194686.78,1
15585255,Moore,577,France,Male,42,9,0.00,1,1,0,74077.91,0
15585256,Iloerika,805,Spain,Male,26,2,0.00,2,1,1,25042.10,0
15585280,Kinney,649,France,Female,36,2,0.00,2,0,1,75035.48,0
15585282,Trevisano,755,France,Male,62,1,127706.33,2,0,1,142377.69,0
15585284,Thomson,604,Spain,Female,35,7,147285.52,1,1,1,57807.05,0
15585287,Sal,842,Germany,Female,35,9,119948.09,1,1,0,48217.97,1
15585362,Simmons,749,France,Female,60,6,0.00,1,1,0,17978.68,1
15585367,Diribe,555,Germany,Female,46,4,120392.99,1,1,0,177719.88,1
15585379,Humphries,704,France,Male,39,2,111525.02,1,1,0,199484.96,0
15585388,Sherman,660,Germany,Male,31,9,125189.75,2,1,1,139874.43,0
15585427,Madueke,528,France,Female,26,10,102073.67,2,0,0,166799.93,0
15585451,Vigano,558,Germany,Female,32,1,108262.87,1,1,1,6935.31,0
15585455,Stewart,630,France,Male,28,9,0.00,2,0,0,32599.35,0
15585466,Russo,552,France,Male,29,10,0.00,2,1,0,12186.83,0
15585490,Nkemdilim,746,France,Female,34,4,0.00,1,0,1,65166.60,0
15585533,Calabrese,679,France,Male,36,6,147733.64,1,0,1,172501.38,0
15585580,Chang,796,Germany,Female,52,9,167194.36,1,1,1,62808.93,1
15585595,Owens,774,France,Female,28,1,71264.02,2,0,1,68759.57,0
15585599,Stone,530,France,Female,34,8,0.00,2,0,1,141872.52,0
15585734,Gouger,803,Germany,Male,41,9,137742.90,2,1,1,166957.82,0
15585748,McDonald,585,Germany,Female,28,9,135337.49,2,1,1,40385.61,0
15585768,Cameron,582,Germany,Male,41,6,70349.48,2,0,1,178074.04,0
15585777,Pai,710,France,Male,38,3,130588.82,1,1,1,154997.64,0
15585823,Wilson,627,France,Male,31,8,128131.73,1,1,0,96131.47,0
15585835,Lord,655,Spain,Female,34,4,109783.69,2,1,0,134034.32,0
15585839,Niu,633,France,Male,37,2,0.00,2,1,0,182258.17,0
15585853,McCardle,743,Spain,Male,41,7,0.00,1,1,0,163736.09,1
15585855,Gould,679,France,Male,40,1,0.00,1,1,1,16897.19,0
15585865,Westerberg,673,France,Female,38,2,170061.92,2,0,0,134901.34,1
15585867,Rutledge,596,Spain,Male,36,2,0.00,2,0,1,125557.95,0
15585888,Nwokezuike,553,Spain,Female,48,3,0.00,1,0,1,30730.95,1
15585892,Zakharov,639,France,Female,35,8,0.00,1,0,0,164453.98,0
15585901,Johnson,717,Spain,Male,35,1,0.00,3,0,0,174770.14,1
15585907,Collier,676,Spain,Female,30,5,0.00,2,0,0,179066.58,0
15585928,Hay,821,Germany,Female,31,2,68927.57,1,1,1,25445.00,0
15585961,Talbot,496,Spain,Female,43,3,0.00,2,0,1,199505.53,0
15585985,Wang,746,France,Male,48,5,165282.42,1,1,0,153786.46,1
15586029,Davis,806,Germany,Male,34,2,96152.68,2,1,0,143711.02,0
15586039,Bergamaschi,471,Germany,Female,36,5,90063.74,2,1,1,96366.70,0
15586069,Abernathy,560,France,Female,30,0,108883.29,1,1,0,27914.95,0
15586133,Pisano,666,Germany,Female,44,2,122314.50,1,0,0,68574.88,1
15586135,Gratwick,536,Spain,Female,28,4,0.00,1,1,1,136197.65,0
15586174,Brodney,700,Germany,Female,30,4,116377.48,1,1,1,134417.31,0
15586183,Wallace,561,France,Female,35,5,0.00,2,1,0,59981.62,0
15586236,Banks,704,France,Male,31,5,132084.66,3,1,1,54474.48,1
15586243,Yobachi,667,France,Male,44,8,122277.87,1,1,1,91810.71,0
15586264,Murray,572,France,Male,43,2,140431.98,1,1,0,26450.57,1
15586300,Chinonyelum,615,France,Male,66,7,0.00,2,1,1,74580.80,0
15586310,Ting,578,France,Male,30,4,169462.09,1,1,0,112187.11,0
15586425,"Lo Duca",579,France,Male,28,4,0.00,2,1,1,176925.69,0
15586479,Yin,692,France,Female,36,4,0.00,1,1,0,185580.89,1
15586504,Trevisani,694,France,Male,40,9,0.00,2,1,0,40463.03,0
15586517,Toscano,647,France,Male,32,5,97041.16,1,1,1,23132.73,0
15586522,Hunter,608,Spain,Male,37,2,130461.02,1,1,0,21967.15,0
15586523,Paten,720,Germany,Female,29,7,106230.92,1,1,1,69903.93,1
15586557,Milani,661,France,Male,41,5,0.00,1,0,1,88279.60,0
15586585,Duncan,698,Germany,Female,51,2,111018.98,1,1,0,86410.28,0
15586629,Campbell,637,France,Male,33,5,0.00,2,1,0,139947.17,0
15586674,Shaw,663,Spain,Female,58,5,216109.88,1,0,1,74176.71,1
15586680,Fleming,462,France,Male,27,4,176913.52,1,1,0,80587.27,0
15586699,Thomson,825,France,Male,32,9,0.00,2,0,0,9751.03,0
15586752,Parkes,628,Germany,Male,33,8,152143.89,1,1,1,32174.03,0
15586757,Anenechukwu,801,France,Female,32,4,75170.54,1,1,1,37898.50,0
15586821,Bellew,727,France,Male,28,5,0.00,2,0,1,19653.08,0
15586848,Rose,706,France,Male,38,1,0.00,2,1,0,122379.54,0
15586870,Ni,632,France,Male,27,4,193125.85,1,1,1,152665.85,0
15586880,P'eng,594,Germany,Male,41,2,122545.65,2,1,1,42050.24,0
15586914,Nepean,659,France,Male,36,6,123841.49,2,1,0,96833.00,0
15586931,Hunter,694,Spain,Male,39,3,0.00,1,1,1,95625.03,0
15586959,Unaipon,468,France,Female,42,5,0.00,2,1,0,125305.34,0
15586970,Pinto,695,Germany,Male,52,8,103023.26,1,1,1,22485.64,0
15586974,Pearce,656,France,Male,39,10,0.00,2,1,1,98894.64,0
15586976,Alexeeva,566,France,Female,42,6,0.00,1,1,0,180702.12,1
15586993,Giordano,655,Spain,Female,56,5,0.00,2,1,1,41782.70,0
15586996,Azikiwe,697,France,Female,76,7,0.00,2,0,1,188772.45,0
15587013,Tien,653,France,Female,31,7,102575.04,1,1,1,11043.54,0
15587038,Ogochukwu,654,Spain,Female,32,2,0.00,1,1,1,51972.92,1
15587066,Kovaleva,535,France,Male,38,2,119272.29,1,0,0,195896.59,1
15587133,Thompson,518,France,Male,42,7,151027.05,2,1,0,119377.36,0
15587174,Kerr,726,France,Male,29,7,0.00,2,1,1,91844.14,1
15587177,Lloyd,646,France,Male,36,6,124445.52,1,1,0,88481.32,0
15587210,McCartney,591,Germany,Female,44,10,113581.98,1,1,0,1985.41,0
15587233,Donoghue,457,France,Male,41,8,73700.12,3,1,1,185750.02,1
15587240,Vasilyev,518,France,Male,40,4,0.00,2,0,1,194416.58,0
15587266,Douglas,606,Germany,Female,27,6,172310.33,1,0,1,111448.92,0
15587297,Ruiz,507,France,Male,33,7,0.00,2,1,1,85411.01,0
15587299,Board,567,France,Female,48,3,0.00,1,1,0,55362.45,0
15587311,Dobbs,582,Spain,Male,33,6,0.00,2,0,1,72970.93,0
15587394,Thomson,462,France,Male,39,4,140133.08,2,0,0,131304.45,0
15587419,Shipton,611,France,Male,58,8,0.00,2,0,1,107665.68,1
15587421,Tsai,687,Germany,Female,34,7,111388.18,2,1,0,148564.76,0
15587443,Akudinobi,728,France,Female,69,1,0.00,2,1,1,131804.86,0
15587451,Goold,778,Germany,Male,41,7,139706.31,1,1,0,63337.19,0
15587507,Feng,850,France,Male,47,6,0.00,1,1,0,187391.02,1
15587535,Onyemauchechukwu,450,Spain,Female,46,5,177619.71,1,1,0,54227.06,0
15587562,Hawkins,484,France,Female,29,4,130114.39,1,1,0,164017.89,0
15587573,Castiglione,626,Germany,Male,27,4,115084.53,2,0,1,26907.43,0
15587581,Russo,785,Germany,Female,33,5,136624.60,2,1,1,169117.74,0
15587584,Nebeuwa,503,Spain,Male,31,4,0.00,2,1,1,21645.06,0
15587596,Morrison,628,Spain,Female,39,8,107553.33,1,1,0,117523.41,0
15587611,Kauffmann,537,France,Male,59,9,0.00,2,0,0,103799.77,1
15587640,Rowntree,718,France,Female,43,0,93143.39,1,1,0,167554.86,0
15587647,Browne,850,Germany,Female,66,0,127120.62,1,0,1,118929.64,1
15587676,Alexeieva,699,France,Male,30,9,0.00,1,1,1,108162.13,0
15587690,Madueke,592,France,Male,28,2,116498.22,1,1,0,144290.25,0
15587712,Chimaijem,589,France,Male,36,8,114435.47,1,1,0,26955.72,0
15587735,Chukwuebuka,850,France,Male,39,6,96863.13,1,1,1,121681.19,0
15587835,Osinachi,850,France,Male,41,3,136416.82,1,0,1,57844.26,0
15587913,Palerma,748,Spain,Female,40,4,0.00,2,1,0,132368.47,0
15587978,Boothby,455,Germany,Female,37,6,170057.62,1,0,1,54398.56,0
15588019,"Li Fonti",418,France,Male,28,7,98738.92,1,1,0,122190.22,0
15588080,Giles,675,France,Male,54,6,0.00,1,1,0,110273.84,1
15588090,Ferri,726,Germany,Female,51,8,107494.86,2,1,0,140937.91,1
15588123,Horton,677,France,Female,27,2,0.00,2,0,1,114685.92,0
15588186,Polyakov,520,Spain,Male,45,7,107023.03,1,1,0,32903.93,0
15588197,Endrizzi,670,France,Male,36,7,0.00,2,0,0,59571.50,0
15588219,Ford,850,France,Female,38,1,106871.81,2,1,0,29333.01,0
15588235,Vasilieva,654,France,Female,24,8,145081.73,1,1,1,130075.07,0
15588248,Hs?,617,France,Female,28,0,0.00,2,1,1,7597.83,1
15588341,Chigozie,647,Spain,Male,47,10,99835.17,1,0,1,89103.05,0
15588350,McIntyre,744,France,Female,43,10,147832.15,1,0,1,24234.11,0
15588372,Kirsova,715,Germany,Female,37,9,105489.31,1,0,0,143096.49,1
15588406,Chiemenam,574,Spain,Female,37,7,0.00,2,1,0,32262.28,0
15588419,Johnston,651,Germany,Female,34,10,148962.46,1,1,0,66389.43,1
15588446,Udinesi,550,Spain,Male,34,3,0.00,2,0,0,131281.28,0
15588449,Chuang,591,Spain,Female,27,5,107812.67,1,0,1,162501.83,1
15588450,Chukwudi,633,France,Female,60,8,69365.25,1,1,1,10288.24,0
15588456,Hsieh,658,France,Female,40,5,143566.12,1,1,1,189607.71,0
15588461,Cremonesi,686,France,Male,35,4,0.00,1,1,0,8816.37,0
15588517,Sun,717,France,Male,38,7,0.00,2,1,1,158580.05,0
15588535,Ts'ao,750,Spain,Female,39,6,0.00,2,0,0,19264.33,0
15588537,Robinson,615,Spain,Female,41,9,109013.23,1,1,0,196499.96,0
15588560,Nwabugwu,569,Germany,Female,32,8,145330.43,1,1,1,132038.65,0
15588566,Wilkinson,778,Spain,Male,33,5,116474.28,2,1,1,32757.55,0
15588580,Kennedy,584,Germany,Female,36,4,109646.83,1,1,1,70240.79,0
15588587,Stetson,752,France,Female,36,1,86837.95,1,1,1,105280.55,0
15588614,Walton,753,France,Male,57,7,0.00,1,1,0,159475.08,1
15588622,Marchesi,599,Germany,Male,25,7,108380.72,1,1,1,79005.95,0
15588670,Despeissis,705,Spain,Female,40,5,203715.15,1,1,0,179978.68,1
15588695,Su,833,Spain,Male,32,6,0.00,1,1,1,44323.22,1
15588701,Lai,592,France,Female,38,4,0.00,2,1,0,35338.96,0
15588839,Mancini,606,Spain,Male,30,8,180307.73,2,1,1,1914.41,0
15588854,Wu,715,France,Female,31,3,110581.29,1,1,1,94715.24,0
15588859,Rowley,496,Spain,Female,44,0,179356.28,2,1,0,2919.21,1
15588904,Balashova,692,France,Male,33,9,0.00,1,1,0,113505.93,1
15588918,Mitchell,671,France,Female,42,6,0.00,2,1,0,197202.48,0
15588923,Murphy,591,France,Female,33,4,113743.37,1,1,0,124625.08,0
15588928,Maslow,704,France,Male,47,5,0.00,2,1,1,145338.61,0
15588933,Nwankwo,825,France,Female,36,3,146053.66,1,1,1,138344.70,0
15588944,Maughan,456,France,Female,63,1,165350.61,2,0,0,140758.07,1
15588955,Mazzi,581,Germany,Female,43,5,93259.57,3,1,0,141035.65,1
15588986,Grant,673,Germany,Female,29,4,99097.36,1,1,1,9796.69,0
15589017,Chiu,547,Germany,Male,55,4,111362.76,3,1,0,16922.28,1
15589018,Padilla,719,Germany,Male,28,3,106070.29,2,1,1,183893.31,0
15589019,Morant,633,Spain,Female,33,4,92855.02,1,1,1,159813.18,0
15589030,Ts'ai,649,France,Male,47,1,0.00,2,1,1,145593.85,0
15589076,Henry,737,France,Male,36,9,0.00,1,0,1,188670.90,1
15589147,Frolov,580,Spain,Male,61,8,125921.37,1,1,1,94677.83,0
15589195,Bluett,766,Germany,Female,38,7,130933.74,1,0,1,2035.94,0
15589200,Madukaife,617,Spain,Male,34,9,0.00,2,1,0,118749.58,0
15589204,Farrar,591,France,Male,33,9,131765.72,1,1,0,118782.06,0
15589210,Adamson,557,France,Female,24,4,0.00,1,0,0,20515.72,0
15589221,Kennedy,657,Germany,Male,30,1,139762.13,2,1,1,23317.88,0
15589224,Moore,596,Spain,Male,41,5,0.00,2,0,1,141053.85,0
15589230,Wu,612,France,Female,63,2,126473.33,1,0,1,147545.65,0
15589257,Grant,670,France,Female,35,3,103465.02,2,1,1,174627.06,0
15589296,Brown,724,France,Female,40,6,110054.45,1,1,1,86950.72,0
15589312,Larkin,588,France,Male,30,3,115007.08,1,0,0,176858.50,0
15589320,Sagese,699,Spain,Male,34,8,0.00,1,1,1,76510.46,0
15589323,Law,636,France,Female,24,9,0.00,2,0,1,38830.72,0
15589329,Pirozzi,775,France,Male,30,4,0.00,2,1,0,49337.84,0
15589348,"Le Grand",850,Spain,Male,37,4,137204.77,1,1,1,28865.59,0
15589358,Stanley,848,Germany,Male,31,4,90018.45,2,1,0,193132.98,0
15589361,Chikwendu,716,Spain,Male,34,9,0.00,1,1,1,66695.71,0
15589380,Fraser,713,Germany,Male,40,3,114446.84,2,1,1,87308.18,0
15589401,Allen,550,France,Female,30,4,0.00,2,1,0,89216.29,0
15589420,Osinachi,795,France,Female,40,2,101891.10,1,1,1,183044.86,0
15589428,Tomlinson,756,France,Female,42,9,0.00,2,1,0,35673.42,0
15589431,Pedder,807,Germany,Male,47,1,171937.27,1,1,1,65636.92,0
15589435,Davide,784,France,Male,31,7,0.00,2,1,1,143204.41,0
15589437,Lu,466,France,Male,26,3,156815.71,1,1,1,137476.09,0
15589449,Frye,815,France,Female,56,3,0.00,3,1,1,94248.16,1
15589475,Azikiwe,591,Spain,Female,39,3,0.00,3,1,0,140469.38,1
15589488,Ch'eng,686,Germany,Female,56,5,111642.08,1,1,1,80553.87,0
15589493,Otitodilinna,716,Germany,Male,27,1,122552.34,2,1,0,67611.36,0
15589496,Arrington,778,France,Male,34,5,139064.06,2,0,0,67949.32,0
15589541,Sutherland,557,France,Female,27,2,0.00,2,0,1,4497.55,0
15589544,Wallis,673,Spain,Female,57,4,0.00,2,1,1,49684.09,0
15589563,Purdy,531,Spain,Male,31,2,118899.45,2,0,0,41409.36,0
15589572,Otutodilichukwu,785,Spain,Female,61,4,129855.72,2,1,0,170214.82,1
15589589,Bryan,613,France,Male,34,5,144094.20,1,1,0,44510.26,0
15589643,Ngozichukwuka,684,Spain,Female,41,7,0.00,1,1,1,138394.37,0
15589660,Lamble,661,Germany,Female,32,1,145980.23,1,0,1,56636.28,0
15589666,Sorokina,595,France,Female,39,9,136422.41,1,1,1,151757.81,0
15589698,"De Luca",555,Germany,Male,42,6,107104.50,1,1,1,41304.44,1
15589715,Fulks,584,France,Female,66,5,0.00,1,1,0,49553.38,1
15589725,Zubarev,740,France,Female,51,4,0.00,2,1,1,178929.84,0
15589739,North,698,France,Male,41,3,90605.29,1,1,1,14357.00,0
15589754,Malloy,652,Germany,Male,45,2,151421.44,1,0,1,115333.43,0
15589793,Onwuamaeze,604,France,Male,53,8,144453.75,1,1,0,190998.96,1
15589805,Benson,563,France,Female,34,6,139810.34,1,1,1,152417.79,0
15589869,Tang,437,France,Male,49,9,111634.29,2,0,1,166440.32,0
15589881,Rowe,634,France,Female,41,7,0.00,2,1,1,131284.93,0
15589924,Rapuluolisa,577,Spain,Female,40,1,0.00,2,1,1,108787.00,0
15589948,Disher,607,Spain,Male,28,1,135936.10,2,1,1,110560.14,0
15589949,Maclean,433,Spain,Male,34,9,152806.74,1,1,0,19687.99,0
15589969,Capon,850,France,Male,34,6,0.00,1,0,1,52796.31,0
15589975,Maclean,646,France,Female,73,6,97259.25,1,0,1,104719.66,0
15590011,Hughes,749,Spain,Male,38,9,129378.32,1,1,1,13549.34,0
15590078,Burns,622,Spain,Male,27,9,139834.93,1,1,1,152733.89,0
15590094,Nwachukwu,613,Germany,Male,38,9,126265.88,2,0,0,15859.95,0
15590097,Ch'eng,537,Spain,Female,33,7,136082.00,1,1,0,62746.54,0
15590146,Mao,630,France,Male,50,1,81947.76,1,0,1,63606.22,1
15590177,Chiedozie,718,France,Female,44,1,133866.22,1,0,1,139049.24,0
15590199,Temple,701,Spain,Male,28,1,103421.32,1,0,1,76304.73,0
15590201,Fiorentini,500,Spain,Female,50,5,0.00,4,1,1,83866.35,1
15590213,Ch'en,479,Spain,Male,35,4,125920.98,1,1,1,20393.44,0
15590228,Greenwalt,715,France,Male,21,6,76467.16,1,1,1,173511.72,0
15590234,"De Luca",697,France,Female,42,1,0.00,1,1,0,1262.83,1
15590241,Chuang,750,Spain,Female,34,9,112822.26,1,0,0,150401.53,1
15590268,Chu,529,Spain,Male,35,5,95772.97,1,1,1,112781.50,0
15590286,Fairley,611,France,Female,40,2,125879.29,1,1,0,93203.43,0
15590320,Shelton,850,France,Male,66,4,0.00,2,0,1,64350.80,0
15590327,Liao,604,Germany,Female,42,10,166031.45,1,1,0,98293.14,0
15590337,Golubov,659,France,Male,29,6,123192.12,1,1,1,56971.41,1
15590344,Russell,708,Germany,Male,32,3,151691.44,2,1,1,172810.51,0
15590349,Rowland,732,France,Female,36,9,0.00,1,0,0,3749.00,1
15590434,Alexander,577,Spain,Male,41,4,89015.61,1,0,1,135227.23,0
15590476,Onochie,589,France,Male,28,7,0.00,2,1,0,151645.96,0
15590606,Saunders,595,France,Male,41,9,0.00,2,1,0,5967.09,0
15590623,Kovalyov,561,Spain,Male,34,4,85141.79,2,1,1,29217.37,0
15590637,Ahmed,721,France,Male,41,7,0.00,2,0,1,61018.85,0
15590676,Kharlamova,735,France,Male,34,1,141796.43,1,1,0,45858.49,0
15590683,Donaldson,660,France,Female,31,6,172325.67,1,0,1,45438.38,0
15590730,Hunt,745,Spain,Male,34,9,0.00,2,1,0,50046.25,0
15590810,Fallaci,638,Germany,Female,41,9,144326.09,1,1,0,73979.85,1
15590820,Ecuyer,699,Spain,Male,26,6,79932.41,1,0,0,150242.44,0
15590828,Chidimma,782,Germany,Male,42,7,126428.38,1,1,0,39830.10,0
15590876,Knupp,764,France,Female,24,7,106234.02,1,0,0,115676.38,0
15590888,Wade,693,Spain,Female,34,10,107556.06,2,0,0,154631.35,0
15590966,Lo,729,Germany,Female,42,4,97495.80,2,0,0,2002.50,0
15590993,Findlay,579,Spain,Male,37,5,152212.88,2,0,0,120219.14,0
15591010,McDonald,434,Germany,Male,55,8,109339.17,2,1,0,96405.88,1
15591035,Macleod,644,Spain,Male,54,6,0.00,1,0,1,84622.37,0
15591036,Genovesi,577,Germany,Female,43,3,127940.47,1,0,0,125140.72,1
15591047,Ma,519,Spain,Female,47,6,157296.02,2,0,0,147278.43,1
15591091,Goering,644,France,Male,44,5,73348.56,1,1,0,157166.79,1
15591100,Chiemela,675,Spain,Male,36,9,106190.55,1,0,1,22994.32,0
15591107,Flemming,723,Germany,Female,68,3,110357.00,1,0,0,141977.54,1
15591123,Iredale,557,Germany,Male,68,2,100194.44,1,1,1,38596.34,0
15591130,Medvedev,507,Spain,Female,29,6,0.00,2,0,1,94780.90,0
15591135,Forster,726,France,Male,37,2,132057.92,2,1,0,34743.98,0
15591150,Nwebube,570,Spain,Male,34,10,0.00,2,0,1,183387.12,0
